אַקְדָּמוּת מִלִּין,אקדמות מילין
ר' סעדיה גאון על בראשית,רבינו סעדיה גאון על בראשית
ר' סעדיה גאון על נחמיה,רבינו סעדיה גאון על נחמיה
ר' סעדיה גאון על עזרא,רבינו סעדיה גאון על עזרא
חומת אנך על דברי הימים א',חומת אנך על דברי הימים א
חומת אנך על דברי הימים ב',חומת אנך על דברי הימים ב
אדרת אליהו (ר' יוסף חיים),אדרת אליהו (ר יוסף חיים)
לְכָה דוֹדִי,לכה דודי
אור ה',אור ה
בית ישראל (רוז'ין),בית ישראל (רוזין)
פאר הדור תשובות הרמב"ם,תשובות הרמב"ם - מהדורת בלאו
"טעבעלה באנדי על הגדה של פסח ",טעבעלה באנדי על הגדה של פסח
"גר""א על סדר עולם רבה","הגר""א על סדר עולם רבה"
"גר""א על פרקי אבות","הגר""א על פרקי אבות"
"רא""ש על התורה","הרא""ש על התורה"
"רא""ה על ברכות","הרא""ה על ברכות"
